{"cameraMode":{"drawMode":0,"name":"Shaded","section":"Shading Mode"},"sceneLighting":true,"audioPlay":false,"sceneViewState":{"showFog":false,"showMaterialUpdate":true,"showSkybox":false,"showFlares":true,"showImageEffects":true,"showParticleSystems":true},"in2DMode":false,"pivot":{"x":4.501441955566406,"y":1.331561803817749,"z":-0.9840920567512512},"rotation":{"x":-0.2802478075027466,"y":-0.11510387063026428,"z":0.03403939679265022,"w":-0.952393651008606},"size":13.882140159606934,"orthographic":false}