{"cameraMode":{"drawMode":0,"name":"Shaded","section":"Shading Mode"},"sceneLighting":true,"audioPlay":false,"sceneViewState":{"showFog":false,"showMaterialUpdate":true,"showSkybox":false,"showFlares":true,"showImageEffects":true,"showParticleSystems":true},"in2DMode":false,"pivot":{"x":4.501441955566406,"y":1.331561803817749,"z":-0.9840920567512512},"rotation":{"x":-0.18377743661403657,"y":0.09538708627223969,"z":-0.017756367102265359,"w":-0.9781675934791565},"size":13.882140159606934,"orthographic":false}