{"cameraMode":{"drawMode":0,"name":"Shaded","section":"Shading Mode"},"sceneLighting":true,"audioPlay":false,"sceneViewState":{"showFog":false,"showMaterialUpdate":true,"showSkybox":false,"showFlares":true,"showImageEffects":true,"showParticleSystems":true},"in2DMode":false,"pivot":{"x":-0.9948156476020813,"y":1.2022746801376343,"z":-1.9358364343643189},"rotation":{"x":0.0038460781797766687,"y":0.996107280254364,"z":-0.05713924020528793,"w":0.06701308488845825},"size":9.860254287719727,"orthographic":false}