{"cameraMode":{"drawMode":0,"name":"Shaded","section":"Shading Mode"},"sceneLighting":true,"audioPlay":false,"sceneViewState":{"showFog":false,"showMaterialUpdate":true,"showSkybox":false,"showFlares":true,"showImageEffects":true,"showParticleSystems":true},"in2DMode":false,"pivot":{"x":4.950272560119629,"y":-2.8103199005126955,"z":36.48599624633789},"rotation":{"x":-0.37181031703948977,"y":-0.07288287580013275,"z":0.029330290853977205,"w":-0.9249783754348755},"size":65.34748077392578,"orthographic":false}