{"cameraMode":{"drawMode":0,"name":"Shaded","section":"Shading Mode"},"sceneLighting":true,"audioPlay":false,"sceneViewState":{"showFog":false,"showMaterialUpdate":true,"showSkybox":false,"showFlares":true,"showImageEffects":true,"showParticleSystems":true},"in2DMode":false,"pivot":{"x":-0.35102495551109316,"y":3.3649468421936037,"z":4.760458469390869},"rotation":{"x":-0.231955423951149,"y":0.5746630430221558,"z":-0.17417578399181367,"w":-0.7652593851089478},"size":3.6443095207214357,"orthographic":false}