{"cameraMode":{"drawMode":0,"name":"Shaded","section":"Shading Mode"},"sceneLighting":true,"audioPlay":false,"sceneViewState":{"showFog":false,"showMaterialUpdate":true,"showSkybox":false,"showFlares":true,"showImageEffects":true,"showParticleSystems":true},"in2DMode":false,"pivot":{"x":1.2432632446289063,"y":-74.27682495117188,"z":-4.575050354003906},"rotation":{"x":-0.08804704993963242,"y":-0.027197720482945443,"z":0.0025669168680906297,"w":-0.9957416653633118},"size":6.940604209899902,"orthographic":false}