{"cameraMode":{"drawMode":0,"name":"Shaded","section":"Shading Mode"},"sceneLighting":true,"audioPlay":false,"sceneViewState":{"showFog":false,"showMaterialUpdate":true,"showSkybox":false,"showFlares":true,"showImageEffects":true,"showParticleSystems":true},"in2DMode":false,"pivot":{"x":-19.67253303527832,"y":-9.072120666503907,"z":-7.1881842613220219},"rotation":{"x":0.12746192514896394,"y":-0.8148577213287354,"z":0.19552189111709596,"w":0.5305954217910767},"size":33.352317810058597,"orthographic":false}