{"cameraMode":{"drawMode":0,"name":"Shaded","section":"Shading Mode"},"sceneLighting":true,"audioPlay":false,"sceneViewState":{"showFog":false,"showMaterialUpdate":true,"showSkybox":false,"showFlares":true,"showImageEffects":true,"showParticleSystems":true},"in2DMode":false,"pivot":{"x":-1.5072810649871827,"y":2.920419454574585,"z":3.9755470752716066},"rotation":{"x":0.009422958828508854,"y":0.9802640676498413,"z":-0.0482688769698143,"w":0.1914777159690857},"size":3.291609048843384,"orthographic":false}