{"cameraMode":{"drawMode":0,"name":"Shaded","section":"Shading Mode"},"sceneLighting":true,"audioPlay":false,"sceneViewState":{"showFog":false,"showMaterialUpdate":true,"showSkybox":false,"showFlares":true,"showImageEffects":true,"showParticleSystems":true},"in2DMode":false,"pivot":{"x":-1.8434417247772217,"y":0.8324530124664307,"z":-2.9188077449798586},"rotation":{"x":-0.23186138272285462,"y":0.23364396393299104,"z":-0.057470764964818957,"w":-0.9425221681594849},"size":10.177145004272461,"orthographic":false}