{"cameraMode":{"drawMode":0,"name":"Shaded","section":"Shading Mode"},"sceneLighting":true,"audioPlay":false,"sceneViewState":{"showFog":false,"showMaterialUpdate":true,"showSkybox":false,"showFlares":true,"showImageEffects":true,"showParticleSystems":true},"in2DMode":false,"pivot":{"x":3.2095859050750734,"y":-72.95703125,"z":-0.03786012530326843},"rotation":{"x":-0.14211048185825349,"y":0.18706797063350678,"z":-0.027194451540708543,"w":-0.9716329574584961},"size":2.133821725845337,"orthographic":false}