{"cameraMode":{"drawMode":0,"name":"Shaded","section":"Shading Mode"},"sceneLighting":true,"audioPlay":false,"sceneViewState":{"showFog":false,"showMaterialUpdate":true,"showSkybox":false,"showFlares":true,"showImageEffects":true,"showParticleSystems":true},"in2DMode":false,"pivot":{"x":-2.6806631088256838,"y":46.47460174560547,"z":-59.43281173706055},"rotation":{"x":0.2066989541053772,"y":-0.0011520483531057835,"z":0.0002454494242556393,"w":0.9784039258956909},"size":9.860254287719727,"orthographic":false}