{"cameraMode":{"drawMode":0,"name":"Shaded","section":"Shading Mode"},"sceneLighting":true,"audioPlay":false,"sceneViewState":{"showFog":false,"showMaterialUpdate":true,"showSkybox":false,"showFlares":true,"showImageEffects":true,"showParticleSystems":true},"in2DMode":false,"pivot":{"x":1.5788096189498902,"y":-2.980534076690674,"z":-8.80036735534668},"rotation":{"x":0.04761669784784317,"y":0.9489747285842896,"z":-0.2577562630176544,"w":0.17533229291439057},"size":11.093088150024414,"orthographic":false}