{"cameraMode":{"drawMode":0,"name":"Shaded","section":"Shading Mode"},"sceneLighting":true,"audioPlay":false,"sceneViewState":{"showFog":false,"showMaterialUpdate":true,"showSkybox":false,"showFlares":true,"showImageEffects":true,"showParticleSystems":true},"in2DMode":false,"pivot":{"x":-1.0123835802078248,"y":1.584414005279541,"z":1.6094309091567994},"rotation":{"x":0.053450457751750949,"y":-0.9093105792999268,"z":0.1235203891992569,"w":0.3937512934207916},"size":5.599713325500488,"orthographic":false}