{"cameraMode":{"drawMode":0,"name":"Shaded","section":"Shading Mode"},"sceneLighting":true,"audioPlay":false,"sceneViewState":{"showFog":false,"showMaterialUpdate":true,"showSkybox":false,"showFlares":true,"showImageEffects":true,"showParticleSystems":true},"in2DMode":false,"pivot":{"x":-0.8102452158927918,"y":1.028747797012329,"z":-3.236287832260132},"rotation":{"x":0.0070223379880189899,"y":-0.942079484462738,"z":0.019789379090070726,"w":0.3347317576408386},"size":1.656566858291626,"orthographic":false}