{"cameraMode":{"drawMode":0,"name":"Shaded","section":"Shading Mode"},"sceneLighting":true,"audioPlay":false,"sceneViewState":{"showFog":false,"showMaterialUpdate":true,"showSkybox":false,"showFlares":true,"showImageEffects":true,"showParticleSystems":true},"in2DMode":false,"pivot":{"x":-0.8894713521003723,"y":1.1363482475280762,"z":-1.7168095111846924},"rotation":{"x":0.0068073878064751629,"y":0.9836391806602478,"z":-0.17594560980796815,"w":0.03809022903442383},"size":3.0171117782592775,"orthographic":false}