{"cameraMode":{"drawMode":0,"name":"Shaded","section":"Shading Mode"},"sceneLighting":true,"audioPlay":false,"sceneViewState":{"showFog":true,"showMaterialUpdate":true,"showSkybox":true,"showFlares":true,"showImageEffects":true,"showParticleSystems":true},"in2DMode":false,"pivot":{"x":-0.7623767852783203,"y":-0.23009443283081056,"z":14.074319839477539},"rotation":{"x":-0.15485505759716035,"y":0.3515594005584717,"z":-0.059084080159664157,"w":-0.9213767051696777},"size":10.0,"orthographic":false}