{"cameraMode":{"drawMode":0,"name":"Shaded","section":"Shading Mode"},"sceneLighting":false,"audioPlay":false,"sceneViewState":{"showFog":true,"showMaterialUpdate":true,"showSkybox":true,"showFlares":true,"showImageEffects":true,"showParticleSystems":true},"in2DMode":false,"pivot":{"x":0.0,"y":1.1100000143051148,"z":66.94000244140625},"rotation":{"x":-0.15485505759716035,"y":0.3515594005584717,"z":-0.059084080159664157,"w":-0.9213767051696777},"size":197.83718872070313,"orthographic":false}